{
    "epsL": [
        0.08114725492271886,
        0.003754927727313375,
        0.0003230553112550433,
        0.27450945355468004,
        0.04740227037562691,
        0.28405545741559035,
        0.17984642016307578,
        0.01541805652097015,
        0.0011281744293146095,
        0.007351531960309202,
        0.07659101106381497,
        0.035213840757540985,
        0.00012766801001589336,
        0.06368724974976678,
        0.10034957811847164,
        0.07719168911286037,
        0.28645244433786443,
        0.08234507532000367,
        0.4410163970922576,
        0.04252506658184338,
        4.306727233997207e-05,
        0.009156476716476205
    ],
    "RminL": [
        3.789932713578285,
        1.881383115323086,
        3.207555585365629,
        3.60455963897406,
        2.487663359952472,
        3.6672403753973515,
        3.509824786375317,
        2.740120693064504,
        2.746496872026446,
        1.7036722252680678,
        3.154351698296658,
        2.3230005750521046,
        2.4166580705755134,
        3.3940339298398357,
        2.110209770300968,
        2.091058425696767,
        3.657409302332444,
        3.3940339298398357,
        3.424729838176697,
        2.0139229632010136,
        2.199109347933225,
        1.7644965271292115
    ],
    "kparaL": [
        302.3082836491512,
        310.7018411921742,
        247.52087084128206,
        209.087247875883,
        547.0621355543057,
        55.93416604919673,
        40.79069279725807,
        31.258941225145072,
        32.870033068748235
    ],
    "eqmL": [
        1.0897771215507108,
        1.761591413357047,
        1.0742580022349961,
        1.6712530874112062,
        1.022378299782608,
        111.44875969578706,
        111.25214879342025,
        125.81033495569147,
        116.01159342152947
    ],
    "snlparaL": [
        -1.596859117617029,
        -1.9349505353969314,
        -1.6085020410623687,
        -1.9046602252851024,
        -1.0375645406505092
    ],
    "cparaL": [
        0.19877,
        0.26131,
        -0.41554
    ],
    "offdiaL": [
        119.85180906640453,
        242.22236186237134,
        0.01017671022186744,
        4.879339077502101,
        -5.6789657977808705,
        1.461854719890603
    ],
    "cbL": [
        1.9166667
    ],
    "VL": [
        -64.74176884723963,
        -0.9997858620899215
    ],
    "CMAparaL": [
        0.5205816725774512,
        0.754740253819157,
        0.8910175841372399,
        0.0009826457620465531,
        0.9546649338356568,
        0.6602819902018087,
        0.414677868375452,
        0.9514323623675606,
        0.9273446410440717,
        0.9168850746210753,
        0.9248984256692521,
        0.797703956608067,
        0.37369008489943056,
        0.8980263177383225,
        0.8709082012643143,
        0.4819229206713849,
        0.6030505303804671,
        0.25886943230220266,
        0.6632453048431324,
        0.6792800153065264,
        0.9976002131888465,
        0.6573925869658226,
        0.2228752532587167,
        0.3522278303539236,
        0.8449633433100932,
        0.6231666331510785,
        0.5431892783001355,
        0.8941844761433184,
        0.08487702231154179,
        0.9860711431315135,
        0.9856352668527877,
        0.5660088165289066,
        0.08716553819594447,
        0.0856365452642085,
        0.6449489478119927,
        0.8711731073200704,
        0.6248094321478233,
        0.7691159823983335,
        0.6250495240146812,
        0.07094508170764902,
        0.0063060726196905855,
        0.7270634843051942,
        0.6255985551833605,
        0.3478386196900327,
        0.8669269836994956,
        0.021963457740547705,
        0.7687848765040808,
        0.6231888219082589,
        0.15239866670309354,
        0.6697304844120064,
        0.1530856059872825,
        0.8890297332949747,
        0.22030739283475656,
        0.004712081928303436,
        0.000552024904180866,
        0.793067074201689,
        0.003478338573410551,
        0.0016671317179100611,
        0.2999525666557885,
        0.42326004505912695,
        0.9856899393131044,
        0.07955132288230715,
        0.9354272549219806,
        0.9300989292061371,
        0.8914979589376313,
        0.996893183143265,
        0.15608864837372738,
        0.3660774094226879,
        0.9222846183528868,
        0.25117411474783097,
        0.23970361813280905,
        0.4844447237247427,
        0.8596672888838205,
        0.48793390775021006,
        0.21605171011095647,
        0.5730927359945301,
        0.7690390013784939,
        0.5876371858793397,
        0.00010706895503924632
    ]
}